{"stats":{"minecraft:used":{"minecraft:dirt":1},"minecraft:picked_up":{"minecraft:oak_log":5,"minecraft:mutton":5,"minecraft:dirt":1,"minecraft:white_wool":3},"minecraft:dropped":{"minecraft:mutton":2,"minecraft:white_wool":1},"minecraft:killed":{"minecraft:sheep":1},"minecraft:custom":{"minecraft:time_since_rest":27630,"minecraft:crouch_one_cm":29,"minecraft:sprint_one_cm":4538,"minecraft:play_time":27630,"minecraft:walk_one_cm":7356,"minecraft:sneak_time":35,"minecraft:mob_kills":2,"minecraft:drop":3,"minecraft:jump":70,"minecraft:damage_dealt":185,"minecraft:leave_game":9,"minecraft:time_since_death":27630,"minecraft:total_world_time":27630,"minecraft:fall_one_cm":1254,"minecraft:fly_one_cm":8305,"minecraft:horse_one_cm":1659},"minecraft:mined":{"minecraft:grass":2,"minecraft:grass_block":1,"minecraft:oak_log":5,"minecraft:oak_leaves":7}},"DataVersion":3465}