{"stats":{"minecraft:picked_up":{"minecraft:oak_log":5,"minecraft:mutton":5,"minecraft:white_wool":3},"minecraft:dropped":{"minecraft:mutton":2,"minecraft:white_wool":1},"minecraft:killed":{"minecraft:sheep":1},"minecraft:custom":{"minecraft:time_since_rest":14052,"minecraft:crouch_one_cm":29,"minecraft:sprint_one_cm":4050,"minecraft:play_time":14052,"minecraft:walk_one_cm":5071,"minecraft:sneak_time":35,"minecraft:mob_kills":2,"minecraft:drop":3,"minecraft:jump":61,"minecraft:damage_dealt":155,"minecraft:leave_game":4,"minecraft:time_since_death":14052,"minecraft:total_world_time":14052,"minecraft:fall_one_cm":1045,"minecraft:fly_one_cm":7408,"minecraft:horse_one_cm":1659},"minecraft:mined":{"minecraft:grass":2,"minecraft:oak_log":5,"minecraft:oak_leaves":7}},"DataVersion":3465}