{"stats":{"minecraft:dropped":{"alexsmobs:animal_dictionary":1},"minecraft:picked_up":{"minecraft:dirt":2},"minecraft:custom":{"minecraft:jump":3,"minecraft:time_since_rest":998,"minecraft:leave_game":1,"minecraft:play_time":998,"minecraft:damage_taken":20,"minecraft:time_since_death":998,"minecraft:walk_one_cm":430,"minecraft:total_world_time":998,"minecraft:drop":1,"minecraft:fall_one_cm":484},"minecraft:mined":{"minecraft:grass":1,"minecraft:grass_block":2},"minecraft:used":{"minecraft:dirt":2}},"DataVersion":3465}