{"stats":{"minecraft:used":{"minecraft:dirt":1,"minecraft:grass":5},"minecraft:picked_up":{"minecraft:oak_log":5,"minecraft:mutton":5,"minecraft:dirt":1,"minecraft:white_wool":3},"minecraft:dropped":{"minecraft:grass":1,"minecraft:mutton":2,"minecraft:white_wool":1},"minecraft:killed":{"minecraft:sheep":1},"minecraft:custom":{"minecraft:time_since_rest":30610,"minecraft:crouch_one_cm":37,"minecraft:sprint_one_cm":5589,"minecraft:play_time":30610,"minecraft:walk_one_cm":9485,"minecraft:sneak_time":70,"minecraft:mob_kills":2,"minecraft:drop":4,"minecraft:jump":74,"minecraft:damage_dealt":185,"minecraft:leave_game":10,"minecraft:time_since_death":30610,"minecraft:total_world_time":30610,"minecraft:fall_one_cm":1254,"minecraft:fly_one_cm":18203,"minecraft:horse_one_cm":2740},"minecraft:mined":{"minecraft:grass":2,"minecraft:grass_block":1,"minecraft:oak_log":5,"minecraft:oak_leaves":7}},"DataVersion":3465}