{"stats":{"minecraft:dropped":{"minecraft:mutton":2,"minecraft:white_wool":1},"minecraft:picked_up":{"minecraft:oak_log":5,"minecraft:mutton":5,"minecraft:white_wool":3},"minecraft:killed":{"minecraft:sheep":1},"minecraft:mined":{"minecraft:grass":2,"minecraft:oak_log":5,"minecraft:oak_leaves":7},"minecraft:custom":{"minecraft:time_since_rest":15325,"minecraft:crouch_one_cm":29,"minecraft:sprint_one_cm":4275,"minecraft:play_time":15325,"minecraft:walk_one_cm":5526,"minecraft:sneak_time":35,"minecraft:mob_kills":2,"minecraft:drop":3,"minecraft:jump":64,"minecraft:damage_dealt":155,"minecraft:leave_game":5,"minecraft:time_since_death":15325,"minecraft:total_world_time":15325,"minecraft:fall_one_cm":1254,"minecraft:fly_one_cm":7900,"minecraft:horse_one_cm":1659}},"DataVersion":3465}