{"stats":{"minecraft:custom":{"minecraft:jump":16,"minecraft:time_since_rest":3303,"minecraft:damage_dealt":80,"minecraft:leave_game":1,"minecraft:sprint_one_cm":255,"minecraft:play_time":3303,"minecraft:time_since_death":3303,"minecraft:walk_one_cm":786,"minecraft:total_world_time":3303,"minecraft:mob_kills":1,"minecraft:drop":3,"minecraft:fall_one_cm":627,"minecraft:fly_one_cm":1352},"minecraft:picked_up":{"minecraft:mutton":2,"minecraft:white_wool":1},"minecraft:dropped":{"minecraft:mutton":2,"minecraft:white_wool":1},"minecraft:killed":{"minecraft:sheep":1}},"DataVersion":3465}