{"stats":{"minecraft:dropped":{"minecraft:grass":2,"minecraft:wheat_seeds":1,"minecraft:mutton":2,"minecraft:white_wool":1},"minecraft:picked_up":{"minecraft:wheat_seeds":1,"minecraft:grass":1,"minecraft:oak_log":6,"minecraft:mutton":5,"minecraft:dirt":1,"minecraft:white_wool":3},"minecraft:used":{"minecraft:dirt":1,"minecraft:grass":7},"minecraft:killed":{"minecraft:sheep":1},"minecraft:mined":{"minecraft:grass":5,"minecraft:grass_block":1,"minecraft:oak_log":6,"minecraft:oak_leaves":7},"minecraft:custom":{"minecraft:time_since_rest":34503,"minecraft:crouch_one_cm":94,"minecraft:sprint_one_cm":12344,"minecraft:play_time":34503,"minecraft:walk_one_cm":12114,"minecraft:sneak_time":76,"minecraft:mob_kills":2,"minecraft:drop":6,"minecraft:jump":111,"minecraft:damage_dealt":185,"minecraft:leave_game":11,"minecraft:time_since_death":34503,"minecraft:total_world_time":34503,"minecraft:fall_one_cm":1881,"minecraft:fly_one_cm":27024,"minecraft:horse_one_cm":2740}},"DataVersion":3465}