{"stats":{"minecraft:picked_up":{"minecraft:oak_log":5,"minecraft:mutton":5,"minecraft:white_wool":3},"minecraft:dropped":{"minecraft:mutton":2,"minecraft:white_wool":1},"minecraft:killed":{"minecraft:sheep":1},"minecraft:custom":{"minecraft:jump":54,"minecraft:time_since_rest":10244,"minecraft:damage_dealt":145,"minecraft:crouch_one_cm":29,"minecraft:leave_game":3,"minecraft:play_time":10244,"minecraft:sprint_one_cm":2375,"minecraft:time_since_death":10244,"minecraft:walk_one_cm":4187,"minecraft:sneak_time":35,"minecraft:total_world_time":10244,"minecraft:mob_kills":2,"minecraft:fall_one_cm":1045,"minecraft:drop":3,"minecraft:fly_one_cm":6487},"minecraft:mined":{"minecraft:oak_log":5,"minecraft:oak_leaves":6}},"DataVersion":3465}