{"stats":{"minecraft:used":{"minecraft:stone_axe":3,"minecraft:stone_sword":2,"minecraft:dirt":6,"minecraft:crafting_table":1,"minecraft:wooden_pickaxe":59,"minecraft:gravel":1},"minecraft:picked_up":{"minecraft:crafting_table":1,"minecraft:apple":1,"minecraft:gravel":1,"minecraft:porkchop":3,"minecraft:oak_log":5,"minecraft:mutton":2,"minecraft:white_wool":1,"minecraft:dirt":6,"minecraft:cobblestone":59},"minecraft:broken":{"minecraft:wooden_pickaxe":1},"minecraft:crafted":{"minecraft:stone_sword":1,"minecraft:furnace":3,"minecraft:oak_planks":20,"minecraft:stone_axe":1,"minecraft:crafting_table":1,"minecraft:stick":8,"minecraft:stone_pickaxe":1,"minecraft:wooden_pickaxe":1},"minecraft:killed":{"minecraft:sheep":1,"minecraft:pig":1},"minecraft:custom":{"minecraft:time_since_rest":11716,"minecraft:play_time":11716,"minecraft:sprint_one_cm":12622,"minecraft:walk_one_cm":8935,"minecraft:walk_under_water_one_cm":912,"minecraft:sneak_time":469,"minecraft:mob_kills":2,"minecraft:jump":162,"minecraft:damage_dealt":180,"minecraft:leave_game":1,"minecraft:walk_on_water_one_cm":213,"minecraft:time_since_death":11716,"minecraft:total_world_time":11716,"minecraft:interact_with_crafting_table":2,"minecraft:fall_one_cm":2626,"minecraft:fly_one_cm":79394},"minecraft:mined":{"minecraft:grass_block":1,"minecraft:oak_log":5,"minecraft:gravel":1,"minecraft:dirt":5,"minecraft:stone":59,"minecraft:crafting_table":1}},"DataVersion":3465}