{"stats":{"minecraft:custom":{"minecraft:jump":40,"minecraft:time_since_rest":4201,"minecraft:damage_dealt":145,"minecraft:crouch_one_cm":29,"minecraft:leave_game":2,"minecraft:play_time":4201,"minecraft:sprint_one_cm":1689,"minecraft:time_since_death":4201,"minecraft:walk_one_cm":1970,"minecraft:sneak_time":18,"minecraft:total_world_time":4201,"minecraft:mob_kills":2,"minecraft:fall_one_cm":836,"minecraft:drop":3,"minecraft:fly_one_cm":5756},"minecraft:picked_up":{"minecraft:mutton":5,"minecraft:white_wool":3},"minecraft:killed":{"minecraft:sheep":1},"minecraft:dropped":{"minecraft:mutton":2,"minecraft:white_wool":1}},"DataVersion":3465}